{"cameraMode":{"drawMode":0,"name":"Shaded","section":"Shading Mode"},"sceneLighting":true,"audioPlay":false,"sceneViewState":{"m_AlwaysRefresh":false,"showFog":true,"showSkybox":true,"showFlares":true,"showImageEffects":true,"showParticleSystems":true,"showVisualEffectGraphs":true,"m_FxEnabled":true},"in2DMode":false,"pivot":{"x":697.3684692382813,"y":371.2027587890625,"z":945.3262329101563},"rotation":{"x":0.0026902088429778816,"y":0.009596768766641617,"z":0.000024905315513024107,"w":-0.9999448657035828},"size":857.0858764648438,"orthographic":false}